{
  "summary": {
    "total_transactions": 4,
    "total_amount": 57115.91,
    "by_category": {
      "Dining": {
        "total": 244.47,
        "count": 1,
        "percentage": 0.42802434558076724
      },
      "Electronics": {
        "total": 56521.44,
        "count": 1,
        "percentage": 98.95918667845788
      },
      "Entertainment": {
        "total": 200.0,
        "count": 1,
        "percentage": 0.3501651291207651
      },
      "Groceries": {
        "total": 150.0,
        "count": 1,
        "percentage": 0.2626238468405738
      }
    }
  },
  "monthly_trends": {
    "2026-07": {
      "Dining": 244.47,
      "Electronics": 56521.44,
      "Entertainment": 200.0,
      "Groceries": 150.0
    }
  }
}
